"CustomerID","CustomerName","ContactName","Country"
"1","Wilson Solutions","Michael Martin","Norway"
"2","Rodriguez Market","Jennifer Jackson","United Kingdom"
"3","Smith Tech","James Jackson","Spain"
"4","Martinez Services","John Davis","Italy"
"5","Lopez Solutions","Joseph Williams","Spain"
"6","Jones Works","Joseph Davis","Canada"
"7","Lopez Trading","Elizabeth Rodriguez","United States"
"8","Wilson International","Mary Jones","Czech Republic"
"9","Williams International","Richard Jackson","Netherlands"
"10","Rodriguez Trading","Karen Martin","Sweden"
"11","Jones Products","Sarah Wilson","Poland"
"12","Jackson Works","Joseph Gonzalez","Czech Republic"
"13","Anderson Market","Jessica Martin","Netherlands"
"14","Taylor Services","Joseph Lopez","Sweden"
"15","Anderson Market","Patricia Martinez","Canada"
"16","Jackson Services","William Moore","Spain"
"17","Wilson Products","James Smith","United Kingdom"
"18","Taylor Foods","Karen Davis","Czech Republic"
"19","Jones Solutions","Karen Thomas","France"
"20","Garcia Trading","Michael Rodriguez","Netherlands"
"21","Brown International","Charles Rodriguez","United States"
"22","Lopez Group","Mary Hernandez","Italy"
"23","Taylor Trading","Karen Rodriguez","France"
"24","Jackson Works","Michael Garcia","Austria"
"25","Taylor Tech","Susan Wilson","Sweden"
"26","Rodriguez International","Sarah Moore","Norway"
"27","Williams Solutions","Linda Taylor","United States"
"28","Davis Services","David Williams","France"
"29","Gonzalez Foods","Michael Lopez","Poland"
"30","Garcia Services","David Miller","Austria"
"31","Gonzalez Group","Mary Smith","United Kingdom"
"32","Moore Market","Patricia Wilson","Canada"
"33","Williams Trading","Susan Williams","United Kingdom"
"34","Martinez Enterprises","Charles Johnson","Canada"
"35","Hernandez Tech","Jessica Martin","Canada"
"36","Jones Foods","James Jackson","Norway"
"37","Jones Foods","Robert Jones","Spain"
"38","Moore Products","Elizabeth Wilson","Germany"
"39","Thomas Products","Sarah Jones","United States"
"40","Miller Market","Jennifer Thomas","Poland"
"41","Rodriguez Enterprises","Linda Jones","Norway"
"42","Jones Products","Susan Davis","Sweden"
"43","Rodriguez Products","Susan Williams","Spain"
"44","Jones Products","Robert Rodriguez","Czech Republic"
"45","Jackson Services","John Gonzalez","United Kingdom"
"46","Miller Trading","Jennifer Martinez","Italy"
"47","Taylor Market","Linda Lopez","United Kingdom"
"48","Jackson Enterprises","William Davis","Netherlands"
"49","Wilson Trading","James Thomas","Germany"
"50","Brown Products","Karen Rodriguez","Australia"
"51","Garcia Logistics","Sarah Brown","United Kingdom"
"52","Miller International","Barbara Jackson","France"
"53","Davis Tech","Michael Rodriguez","France"
"54","Davis International","Jennifer Jackson","United Kingdom"
"55","Williams Group","Barbara Jackson","United Kingdom"
"56","Anderson Logistics","William Gonzalez","Italy"
"57","Davis Services","Susan Martin","United Kingdom"
"58","Thomas Works","James Moore","Spain"
"59","Wilson Group","Thomas Thomas","Sweden"
"60","Davis Group","Robert Anderson","Canada"
"61","Thomas Works","Linda Williams","Sweden"
"62","Gonzalez International","Patricia Smith","United Kingdom"
"63","Garcia Trading","Elizabeth Taylor","Italy"
"64","Davis International","Jennifer Hernandez","Germany"
"65","Garcia International","Charles Jackson","United Kingdom"
"66","Taylor Group","William Moore","United Kingdom"
"67","Wilson International","Charles Gonzalez","Canada"
"68","Martin International","Mary Miller","Spain"
"69","Brown International","Patricia Miller","Poland"
"70","Martinez Market","Karen Smith","Italy"
"71","Anderson Services","Mary Smith","Sweden"
"72","Wilson Solutions","Thomas Wilson","Austria"
"73","Martinez Solutions","Michael Taylor","Sweden"
"74","Rodriguez Solutions","Michael Rodriguez","Norway"
"75","Smith Solutions","Robert Johnson","Italy"
"76","Garcia Group","Jessica Moore","Canada"
"77","Rodriguez International","John Davis","Japan"
"78","Martin Products","Susan Lopez","Austria"
"79","Hernandez International","Thomas Garcia","Norway"
"80","Rodriguez Products","Thomas Moore","Canada"
"81","Moore Solutions","Karen Garcia","Austria"
"82","Williams International","John Taylor","United States"
"83","Martin Enterprises","Joseph Brown","Japan"
"84","Martin Tech","Barbara Wilson","Norway"
"85","Jackson Services","Robert Anderson","Canada"
"86","Wilson Trading","Michael Jones","Norway"
"87","Jackson Products","Mary Brown","Czech Republic"
"88","Martin Logistics","David Wilson","Czech Republic"
"89","Wilson Works","Susan Brown","Germany"
"90","Thomas Works","Joseph Thomas","Sweden"
"91","Jones Products","Robert Johnson","United Kingdom"
"92","Moore Products","Michael Anderson","Austria"
"93","Williams Works","Barbara Rodriguez","United Kingdom"
"94","Rodriguez Logistics","John Brown","Australia"
"95","Lopez Trading","Robert Williams","United Kingdom"
"96","Jackson Solutions","Barbara Miller","Germany"
"97","Smith Trading","Mary Hernandez","Poland"
"98","Thomas Services","Linda Thomas","Germany"
"99","Johnson Enterprises","Joseph Hernandez","Czech Republic"
"100","Smith Group","Susan Williams","Spain"
"101","Martin Products","Robert Davis","Austria"
"102","Wilson Trading","Patricia Davis","Czech Republic"
"103","Rodriguez Services","Robert Hernandez","Netherlands"
"104","Garcia Group","Linda Smith","Canada"
"105","Thomas Works","Sarah Brown","Japan"
"106","Taylor Trading","Mary Williams","United Kingdom"
"107","Gonzalez Group","Elizabeth Moore","Austria"
"108","Moore International","Karen Wilson","Sweden"
"109","Smith Services","Elizabeth Smith","Netherlands"
"110","Martinez Logistics","Michael Rodriguez","United Kingdom"
"111","Jones Enterprises","Jessica Smith","Canada"
"112","Jackson Services","Robert Williams","United Kingdom"
"113","Davis Solutions","Michael Davis","Australia"
"114","Anderson Services","Linda Martinez","Netherlands"
"115","Brown Services","David Moore","United States"
"116","Wilson Products","Linda Taylor","Germany"
"117","Smith Trading","Sarah Anderson","Norway"
"118","Hernandez Group","Linda Brown","Spain"
"119","Thomas Logistics","Jessica Williams","United States"
"120","Jones Works","Jennifer Thomas","Australia"
"121","Rodriguez Group","Charles Anderson","France"
"122","Brown Products","Jennifer Garcia","Japan"
"123","Miller Tech","Mary Martin","Japan"
"124","Anderson Foods","Jennifer Jones","Japan"
"125","Martinez International","Robert Martinez","Netherlands"
"126","Hernandez Foods","James Williams","France"
"127","Johnson Group","Robert Williams","Sweden"
"128","Davis Services","Thomas Rodriguez","Australia"
"129","Lopez Trading","Linda Gonzalez","Canada"
"130","Thomas Products","Mary Gonzalez","France"
"131","Jones Works","Karen Gonzalez","Canada"
"132","Jones Products","John Anderson","Netherlands"
"133","Miller Group","Mary Moore","Sweden"
"134","Davis International","David Moore","United States"
"135","Thomas Market","Barbara Miller","Canada"
"136","Garcia International","Linda Gonzalez","Austria"
"137","Taylor Products","Jennifer Gonzalez","Norway"
"138","Rodriguez Solutions","Michael Wilson","Australia"
"139","Williams Trading","Jessica Anderson","Austria"
"140","Thomas Logistics","Michael Wilson","Australia"
"141","Moore Services","Linda Taylor","Australia"
"142","Miller Logistics","Elizabeth Moore","France"
"143","Gonzalez Foods","Patricia Smith","United Kingdom"
"144","Gonzalez Group","Joseph Miller","Poland"
"145","Gonzalez Enterprises","Jennifer Hernandez","Poland"
"146","Jackson Tech","Patricia Jones","Sweden"
"147","Gonzalez International","Michael Johnson","Austria"
"148","Lopez Tech","Elizabeth Wilson","Norway"
"149","Miller International","Richard Miller","Spain"
"150","Rodriguez Enterprises","Michael Williams","Poland"
"151","Williams Tech","David Thomas","Japan"
"152","Johnson Foods","Sarah Rodriguez","Germany"
"153","Lopez Enterprises","John Smith","Poland"
"154","Hernandez Group","Mary Jackson","Netherlands"
"155","Lopez Products","Jennifer Martinez","Austria"
"156","Rodriguez Trading","Robert Miller","Poland"
"157","Taylor Services","Joseph Anderson","Germany"
"158","Gonzalez Trading","Robert Brown","Czech Republic"
"159","Gonzalez Products","Barbara Wilson","Netherlands"
"160","Anderson Works","Karen Taylor","Italy"
"161","Martin Products","John Davis","Italy"
"162","Thomas Solutions","Sarah Lopez","Japan"
"163","Rodriguez Services","Richard Jackson","Austria"
"164","Martin Products","Jessica Thomas","Norway"
"165","Rodriguez Logistics","Charles Jackson","Poland"
"166","Taylor Logistics","Jessica Jones","Sweden"
"167","Moore Group","Jessica Garcia","Norway"
"168","Lopez Foods","Richard Gonzalez","Australia"
"169","Hernandez Services","Robert Anderson","Poland"
"170","Wilson Foods","David Anderson","Sweden"
"171","Garcia Services","Michael Hernandez","Netherlands"
"172","Jackson Logistics","Jennifer Miller","Norway"
"173","Wilson Logistics","William Davis","Spain"
"174","Gonzalez Enterprises","Karen Jones","Japan"
"175","Jackson Services","John Brown","Australia"
"176","Rodriguez Services","William Smith","Poland"
"177","Jones Services","Susan Rodriguez","Spain"
"178","Davis Foods","Mary Davis","Czech Republic"
"179","Moore Trading","Robert Lopez","Netherlands"
"180","Davis Services","Sarah Thomas","Germany"
"181","Rodriguez Services","Karen Jones","Canada"
"182","Davis Services","Jennifer Martinez","Italy"
"183","Martinez Solutions","Richard Johnson","Czech Republic"
"184","Brown Foods","Joseph Garcia","Canada"
"185","Wilson Solutions","Robert Jackson","Japan"
"186","Jackson Products","Karen Rodriguez","Germany"
"187","Jones International","Elizabeth Miller","United Kingdom"
"188","Martin Tech","Linda Brown","France"
"189","Johnson Logistics","Mary Jackson","Netherlands"
"190","Moore Services","Jennifer Jones","Sweden"
"191","Moore Services","William Moore","Czech Republic"
"192","Williams Market","Richard Martinez","Germany"
"193","Miller Solutions","Mary Smith","Netherlands"
"194","Jackson Foods","Robert Smith","Netherlands"
"195","Anderson Services","Sarah Brown","Italy"
"196","Gonzalez Solutions","Sarah Jones","Austria"
"197","Moore International","Thomas Martin","Italy"
"198","Johnson Enterprises","Sarah Martin","Germany"
"199","Gonzalez Logistics","William Jones","Australia"
"200","Johnson Enterprises","Patricia Miller","Poland"
"201","Wilson Enterprises","Sarah Hernandez","Canada"
"202","Moore International","Jessica Anderson","Austria"
"203","Rodriguez Works","Michael Smith","Norway"
"204","Hernandez Foods","Joseph Garcia","United Kingdom"
"205","Miller Group","Joseph Martinez","Czech Republic"
"206","Lopez Works","Patricia Thomas","Spain"
"207","Thomas Services","Barbara Thomas","Netherlands"
"208","Smith Works","Karen Miller","United States"
"209","Miller Services","Susan Williams","Sweden"
"210","Moore Market","Mary Jackson","Germany"
"211","Hernandez Enterprises","Michael Rodriguez","Spain"
"212","Martin Trading","Sarah Martin","Sweden"
"213","Moore Works","Michael Martinez","Sweden"
"214","Brown Group","Michael Brown","Canada"
"215","Thomas Group","Susan Williams","Austria"
"216","Wilson Services","Richard Martin","Italy"
"217","Hernandez Enterprises","Richard Davis","Germany"
"218","Taylor Enterprises","Jessica Gonzalez","Germany"
"219","Brown Works","Mary Brown","Netherlands"
"220","Jones International","Elizabeth Jones","Italy"
"221","Hernandez Enterprises","Susan Wilson","Czech Republic"
"222","Johnson Tech","John Davis","Germany"
"223","Miller Market","Joseph Jackson","France"
"224","Rodriguez Enterprises","Karen Jones","Austria"
"225","Jackson Trading","Elizabeth Johnson","Poland"
"226","Thomas Enterprises","James Jackson","Spain"
"227","Jones Works","Mary Smith","Netherlands"
"228","Williams Enterprises","John Lopez","Germany"
"229","Rodriguez Trading","Robert Williams","France"
"230","Williams Products","Karen Smith","United Kingdom"
"231","Brown Tech","Thomas Anderson","Canada"
"232","Smith Products","Mary Brown","Sweden"
"233","Martinez Trading","Linda Gonzalez","Austria"
"234","Gonzalez Solutions","Mary Taylor","Japan"
"235","Garcia Services","James Johnson","Poland"
"236","Smith Works","William Martin","United States"
"237","Garcia Trading","Michael Taylor","Poland"
"238","Anderson Tech","Joseph Lopez","Netherlands"
"239","Rodriguez Tech","Michael Davis","Czech Republic"
"240","Miller Products","Joseph Davis","Sweden"
"241","Williams Tech","John Martinez","France"
"242","Smith Foods","Elizabeth Thomas","United States"
"243","Davis Group","James Gonzalez","Poland"
"244","Gonzalez Foods","Robert Anderson","France"
"245","Miller Logistics","Jessica Martin","United Kingdom"
"246","Rodriguez Logistics","Linda Martinez","Japan"
"247","Brown Logistics","Charles Hernandez","Austria"
"248","Johnson Works","Patricia Lopez","Australia"
"249","Rodriguez Group","Sarah Martinez","Austria"
"250","Moore International","James Hernandez","Netherlands"
"251","Lopez Logistics","James Moore","Austria"
"252","Martinez Products","Elizabeth Lopez","Germany"
"253","Davis International","Patricia Martin","Italy"
"254","Martin Trading","Robert Thomas","Japan"
"255","Jones Market","Sarah Martin","United States"
"256","Smith Services","James Thomas","Japan"
"257","Anderson Group","David Miller","Austria"
"258","Williams Tech","Barbara Taylor","Spain"
"259","Wilson Logistics","Charles Johnson","Spain"
"260","Miller International","John Wilson","Japan"
"261","Miller Logistics","Mary Martin","Czech Republic"
"262","Smith Tech","Patricia Jackson","Sweden"
"263","Lopez Works","William Brown","Austria"
"264","Garcia Services","Barbara Rodriguez","Norway"
"265","Garcia Foods","Thomas Moore","Canada"
"266","Jones Market","Robert Smith","Austria"
"267","Smith Foods","Susan Thomas","Germany"
"268","Williams Solutions","Sarah Lopez","France"
"269","Rodriguez Group","Barbara Jackson","Norway"
"270","Johnson Group","James Martin","France"
"271","Wilson Logistics","Patricia Davis","Czech Republic"
"272","Jackson International","Charles Anderson","Czech Republic"
"273","Hernandez Solutions","Karen Brown","United States"
"274","Williams Tech","Linda Martin","Canada"
"275","Jackson Services","Elizabeth Brown","Japan"
"276","Rodriguez Solutions","Elizabeth Hernandez","United States"
"277","Brown Products","Robert Miller","France"
"278","Lopez Tech","Joseph Brown","Austria"
"279","Lopez Works","Elizabeth Garcia","Spain"
"280","Moore Enterprises","Elizabeth Miller","Spain"
"281","Gonzalez Services","Jennifer Hernandez","Australia"
"282","Garcia Enterprises","Thomas Anderson","Japan"
"283","Martin Enterprises","David Lopez","Sweden"
"284","Brown International","Patricia Gonzalez","Netherlands"
"285","Miller Products","Jessica Jackson","Australia"
"286","Martinez Logistics","Sarah Wilson","Germany"
"287","Moore International","James Davis","France"
"288","Brown Market","Jennifer Rodriguez","Italy"
"289","Rodriguez Services","Richard Jackson","Spain"
"290","Anderson Solutions","James Jackson","United States"
"291","Gonzalez Solutions","Joseph Johnson","France"
"292","Hernandez Group","Jennifer Jones","Germany"
"293","Anderson Logistics","James Martin","United States"
"294","Rodriguez Foods","Patricia Davis","Canada"
"295","Rodriguez Trading","Robert Smith","Germany"
"296","Taylor Foods","Patricia Wilson","Czech Republic"
"297","Williams Enterprises","Thomas Wilson","Netherlands"
"298","Thomas Tech","Jennifer Wilson","Italy"
"299","Anderson Logistics","Robert Johnson","Canada"
"300","Martinez Services","Elizabeth Miller","Netherlands"
"301","Davis Services","Thomas Williams","United States"
"302","Martin Tech","Mary Jones","Canada"
"303","Williams Enterprises","Mary Johnson","Germany"
"304","Brown Trading","David Wilson","United Kingdom"
"305","Smith Solutions","Linda Johnson","United States"
"306","Martin Market","Robert Brown","Japan"
"307","Garcia International","Karen Jones","Poland"
"308","Martin Group","Karen Martin","Sweden"
"309","Brown Foods","William Lopez","France"
"310","Miller Market","Patricia Anderson","Netherlands"
"311","Gonzalez Market","Karen Thomas","Netherlands"
"312","Smith Services","Robert Rodriguez","Sweden"
"313","Jackson Foods","David Martin","France"
"314","Moore Tech","Mary Garcia","Netherlands"
"315","Garcia Products","Barbara Moore","United States"
"316","Hernandez Services","Sarah Johnson","Norway"
"317","Rodriguez Solutions","Sarah Rodriguez","United States"
"318","Martin Foods","Patricia Martin","Norway"
"319","Garcia Products","Robert Moore","Japan"
"320","Wilson International","Joseph Lopez","Sweden"
"321","Williams Foods","David Lopez","Germany"
"322","Jackson Works","Karen Taylor","Czech Republic"
"323","Johnson Market","Linda Davis","United States"
"324","Gonzalez Products","William Johnson","Sweden"
"325","Johnson Logistics","Charles Moore","Australia"
"326","Jackson Foods","Thomas Jones","Czech Republic"
"327","Williams Market","Barbara Wilson","Italy"
"328","Jones Group","Joseph Taylor","Czech Republic"
"329","Davis Tech","Michael Garcia","Italy"
"330","Williams Enterprises","Robert Hernandez","Poland"
"331","Taylor Logistics","Susan Smith","Australia"
"332","Jackson Trading","Thomas Williams","Netherlands"
"333","Jackson Services","Jessica Johnson","Australia"
"334","Jackson Enterprises","Susan Hernandez","Canada"
"335","Thomas Tech","Jennifer Jackson","Czech Republic"
"336","Moore Services","Mary Jackson","Poland"
"337","Garcia International","Robert Moore","Germany"
"338","Taylor Solutions","Joseph Anderson","Canada"
"339","Davis Enterprises","Jennifer Thomas","Germany"
"340","Rodriguez International","David Martinez","Spain"
"341","Thomas Services","Jessica Johnson","Japan"
"342","Garcia Works","Michael Jackson","Canada"
"343","Wilson Trading","Barbara Wilson","Japan"
"344","Hernandez Logistics","James Davis","United Kingdom"
"345","Brown Foods","Mary Rodriguez","France"
"346","Jackson Enterprises","William Thomas","Japan"
"347","Miller Tech","James Taylor","Germany"
"348","Taylor International","Joseph Anderson","Netherlands"
"349","Thomas Enterprises","James Hernandez","Sweden"
"350","Rodriguez Foods","William Rodriguez","France"
"351","Miller Group","Richard Gonzalez","Netherlands"
"352","Rodriguez Solutions","Thomas Smith","United Kingdom"
"353","Anderson Services","Linda Jackson","Norway"
"354","Garcia Works","Susan Gonzalez","Austria"
"355","Rodriguez Market","Elizabeth Jones","United States"
"356","Martin Products","Michael Hernandez","Spain"
"357","Hernandez Works","Robert Gonzalez","Netherlands"
"358","Jackson Foods","Jessica Williams","Italy"
"359","Gonzalez Works","Susan Martin","Netherlands"
"360","Hernandez Tech","Barbara Thomas","United States"
"361","Rodriguez Solutions","Linda Hernandez","Sweden"
"362","Rodriguez Solutions","Jessica Moore","Norway"
"363","Jackson Foods","Richard Lopez","Netherlands"
"364","Brown Enterprises","Sarah Miller","Netherlands"
"365","Smith Products","Linda Garcia","Poland"
"366","Jones International","Jennifer Williams","Japan"
"367","Garcia Products","Patricia Taylor","Germany"
"368","Thomas Tech","Sarah Miller","Japan"
"369","Gonzalez Services","Jennifer Williams","Italy"
"370","Moore Tech","Jessica Jackson","Australia"
"371","Brown Works","Patricia Brown","Czech Republic"
"372","Davis Services","Jennifer Johnson","United Kingdom"
"373","Jackson International","James Smith","United Kingdom"
"374","Hernandez Products","William Johnson","Italy"
"375","Miller Foods","Mary Thomas","Germany"
"376","Taylor Group","Patricia Anderson","Norway"
"377","Jackson Market","Linda Miller","Netherlands"
"378","Jackson Works","Sarah Lopez","Italy"
"379","Hernandez Services","Jennifer Jones","France"
"380","Moore Tech","Elizabeth Williams","Poland"
"381","Jones Trading","Thomas Jackson","Germany"
"382","Johnson Works","John Garcia","Australia"
"383","Gonzalez Group","William Hernandez","Poland"
"384","Taylor Foods","Sarah Garcia","Italy"
"385","Gonzalez Solutions","Susan Jackson","Czech Republic"
"386","Hernandez Solutions","Thomas Garcia","Germany"
"387","Smith Works","William Miller","Netherlands"
"388","Smith Works","Michael Taylor","Germany"
"389","Smith Enterprises","Joseph Williams","United Kingdom"
"390","Lopez Market","David Davis","Czech Republic"
"391","Taylor Trading","Elizabeth Williams","Spain"
"392","Rodriguez Trading","Jennifer Hernandez","United Kingdom"
"393","Hernandez Enterprises","Linda Martin","Spain"
"394","Martinez Foods","Linda Brown","Sweden"
"395","Hernandez Trading","Joseph Anderson","United States"
"396","Moore Logistics","Richard Martin","Netherlands"
"397","Taylor Logistics","Linda Jones","Sweden"
"398","Garcia Group","Elizabeth Rodriguez","Poland"
"399","Smith Market","Joseph Garcia","Spain"
"400","Smith Products","Sarah Thomas","Czech Republic"
"401","Brown Products","Thomas Garcia","Australia"
"402","Anderson Group","Patricia Miller","Japan"
"403","Miller Works","Mary Moore","Netherlands"
"404","Davis Tech","Elizabeth Jones","Sweden"
"405","Martin Solutions","Joseph Garcia","Spain"
"406","Martinez Products","Mary Anderson","United Kingdom"
"407","Thomas Logistics","Susan Davis","France"
"408","Martin Solutions","Richard Brown","United Kingdom"
"409","Taylor Foods","Linda Rodriguez","Netherlands"
"410","Anderson International","Barbara Smith","Poland"
"411","Moore Services","Richard Miller","Italy"
"412","Wilson Market","Richard Johnson","Sweden"
"413","Lopez Tech","Joseph Moore","Italy"
"414","Davis Market","Thomas Brown","Netherlands"
"415","Brown Works","Linda Thomas","Australia"
"416","Moore Trading","Karen Martin","Spain"
"417","Thomas Enterprises","Richard Lopez","Austria"
"418","Gonzalez Logistics","Elizabeth Jones","United Kingdom"
"419","Jackson Tech","Jessica Thomas","Poland"
"420","Jackson Services","David Davis","Japan"
"421","Jackson Works","Thomas Smith","Netherlands"
"422","Garcia Foods","Linda Wilson","Norway"
"423","Martin Tech","Barbara Anderson","Italy"
"424","Martinez Products","Susan Taylor","Netherlands"
"425","Brown International","Elizabeth Garcia","Australia"
"426","Taylor Products","Joseph Anderson","Italy"
"427","Taylor Tech","Linda Smith","Canada"
"428","Gonzalez Solutions","Sarah Jones","Japan"
"429","Garcia Services","Jennifer Jones","Japan"
"430","Moore Solutions","Thomas Brown","Japan"
"431","Davis Works","Susan Anderson","Sweden"
"432","Rodriguez International","Michael Wilson","Czech Republic"
"433","Gonzalez Solutions","Charles Thomas","United Kingdom"
"434","Martinez Group","Charles Miller","Germany"
"435","Jones Works","Linda Williams","Czech Republic"
"436","Wilson Trading","Patricia Wilson","United Kingdom"
"437","Martinez Group","Susan Thomas","Australia"
"438","Martinez Market","Thomas Brown","France"
"439","Rodriguez Products","Charles Moore","Spain"
"440","Garcia Products","Jennifer Johnson","Netherlands"
"441","Moore Logistics","Linda Williams","France"
"442","Lopez International","John Martin","United States"
"443","Thomas Services","Barbara Smith","Poland"
"444","Garcia International","Karen Rodriguez","United States"
"445","Garcia Group","Joseph Thomas","United States"
"446","Gonzalez Tech","Michael Miller","Sweden"
"447","Williams Logistics","Jessica Thomas","United States"
"448","Miller Market","Elizabeth Miller","Czech Republic"
"449","Thomas Trading","Richard Martin","Spain"
"450","Miller International","Charles Martinez","Australia"
"451","Williams Enterprises","John Taylor","Spain"
"452","Rodriguez Works","Linda Jackson","United States"
"453","Taylor Products","Robert Lopez","Sweden"
"454","Thomas Solutions","Karen Rodriguez","France"
"455","Miller Trading","Michael Garcia","Japan"
"456","Brown Services","Linda Jackson","United States"
"457","Rodriguez Logistics","Robert Williams","France"
"458","Moore Services","Elizabeth Martin","Italy"
"459","Jackson Enterprises","Michael Miller","Spain"
"460","Thomas Works","Susan Williams","Germany"
"461","Taylor Enterprises","James Lopez","Canada"
"462","Taylor Tech","Michael Hernandez","Germany"
"463","Martinez International","John Miller","Italy"
"464","Lopez Logistics","Mary Lopez","Sweden"
"465","Williams Trading","James Thomas","Poland"
"466","Smith Solutions","David Davis","Italy"
"467","Martinez Works","Patricia Martin","Canada"
"468","Garcia Trading","Joseph Brown","United States"
"469","Moore Trading","Barbara Taylor","Japan"
"470","Rodriguez Tech","William Miller","Poland"
"471","Hernandez Foods","John Davis","Czech Republic"
"472","Lopez Tech","Jessica Wilson","Canada"
"473","Smith Enterprises","David Jackson","Netherlands"
"474","Johnson Products","Michael Smith","Czech Republic"
"475","Garcia Tech","Sarah Davis","Germany"
"476","Gonzalez Services","John Smith","Japan"
"477","Miller Solutions","Karen Williams","Canada"
"478","Jones Works","Susan Thomas","Germany"
"479","Martin Market","Robert Rodriguez","Norway"
"480","Anderson Tech","Thomas Lopez","United States"
"481","Jones Solutions","Michael Smith","Austria"
"482","Jones Tech","Mary Garcia","Sweden"
"483","Anderson Solutions","Michael Rodriguez","Sweden"
"484","Jackson Logistics","Mary Moore","Japan"
"485","Lopez Logistics","Michael Martinez","Poland"
"486","Thomas Market","Elizabeth Rodriguez","Spain"
"487","Hernandez Works","Richard Williams","Canada"
"488","Gonzalez Works","Patricia Garcia","France"
"489","Anderson International","William Thomas","Japan"
"490","Taylor Market","Charles Lopez","Sweden"
"491","Martin Group","William Davis","Germany"
"492","Gonzalez Foods","Jessica Miller","Czech Republic"
"493","Davis Works","David Martinez","Czech Republic"
"494","Gonzalez Logistics","Susan Garcia","Australia"
"495","Williams Services","Jessica Miller","Germany"
"496","Hernandez Tech","Barbara Anderson","Czech Republic"
"497","Davis Foods","Robert Wilson","United Kingdom"
"498","Johnson Foods","Barbara Hernandez","Austria"
"499","Davis Solutions","Elizabeth Smith","Australia"
"500","Jackson Logistics","Mary Brown","Germany"
