"EmployeeID","FirstName","LastName"
"1","David","Smith"
"2","Barbara","Gonzalez"
"3","Jennifer","Brown"
"4","James","Gonzalez"
"5","Karen","Williams"
"6","Elizabeth","Brown"
"7","Thomas","Moore"
"8","Thomas","Martinez"
"9","Patricia","Williams"
"10","Robert","Taylor"
"11","Susan","Miller"
"12","Joseph","Wilson"
"13","David","Miller"
"14","Mary","Smith"
"15","Mary","Jones"
"16","Karen","Miller"
"17","Elizabeth","Williams"
"18","James","Johnson"
"19","William","Garcia"
"20","Karen","Martin"
"21","David","Martinez"
"22","Patricia","Davis"
"23","Thomas","Rodriguez"
"24","Sarah","Johnson"
"25","Thomas","Rodriguez"
"26","James","Gonzalez"
"27","Jessica","Garcia"
"28","Jessica","Hernandez"
"29","Linda","Miller"
"30","Joseph","Jackson"
"31","William","Jones"
"32","James","Williams"
"33","Patricia","Williams"
"34","Mary","Garcia"
"35","John","Johnson"
"36","William","Rodriguez"
"37","Richard","Hernandez"
"38","Charles","Jones"
"39","Patricia","Gonzalez"
"40","Barbara","Jones"
"41","Susan","Moore"
"42","Barbara","Martin"
"43","Joseph","Miller"
"44","John","Miller"
"45","Robert","Gonzalez"
"46","Elizabeth","Smith"
"47","Joseph","Martinez"
"48","Sarah","Rodriguez"
"49","Charles","Jackson"
"50","Michael","Davis"
