SupplierName,Country
Miller Works,Netherlands
Davis International,Italy
Johnson Enterprises,United Kingdom
Wilson Products,France
Smith Group,Italy
Martin International,Germany
Hernandez Services,Sweden
Moore Works,Canada
Gonzalez Enterprises,Japan
Garcia Products,United Kingdom
Miller Market,Austria
Smith Group,Germany
Martin Logistics,Spain
Thomas Products,Canada
Jackson International,Italy
Wilson Group,Australia
Gonzalez Trading,Japan
Anderson International,Japan
Martin Works,Sweden
Miller Works,Canada
Garcia Works,Canada
Taylor Logistics,Poland
Moore Enterprises,Norway
Smith Services,Germany
Moore Logistics,Germany
Martinez International,Netherlands
Brown Tech,Italy
Garcia Logistics,Spain
Rodriguez Enterprises,United States
Jackson Products,Austria
Smith Market,Poland
Lopez Group,Sweden
Martinez Works,United Kingdom
Johnson Services,Italy
Jones Enterprises,Sweden
Wilson International,Poland
Williams Trading,Austria
Jackson Trading,Netherlands
Wilson Trading,United States
Gonzalez Works,United Kingdom
Thomas Works,Sweden
Garcia Trading,Canada
Rodriguez Services,United States
Johnson International,Netherlands
Jones Tech,United States
Gonzalez Foods,United States
Gonzalez Foods,Austria
Taylor Products,Poland
Moore Trading,Norway
Martin Enterprises,Canada
